source_file,capture_ts,product,fmt,window_start,window_end,n_pages,first_row_date,last_row_date,n_rows
EC-2020-to-present.pdf,20250910104548,6E,NEW,,,787,2020-06-24,2025-06-24,29878
EC_2008_to_present.pdf,20121109075818,6E,OLD-A,2000-07-06,2012-07-31,2,2008-01-28,2012-06-29,40
EC_2008_to_present.pdf,20130326062952,6E,OLD-A,2008-01-01,2013-02-22,2,2008-01-28,2013-01-15,44
EC_2008_to_present.pdf,20150501043052,6E,OLD-A,2008-01-01,2015-02-24,3,2008-01-28,2015-01-20,66
EC_2008_to_present.pdf,20161130152107,6E,OLD-A,2009-01-01,2016-08-15,2,2009-03-12,2016-07-29,60
EC_prior_to_2009.pdf,20121109075907,6E,OLD-B,,,3,2000-01-01,2007-12-10,82
JY-2020-to-present.pdf,20250910102216,6J,NEW,,,787,2020-06-24,2025-06-24,29878
JY_2008_to_present.pdf,20121109075722,6J,OLD-A,2000-07-06,2012-07-31,2,2008-01-01,2012-06-04,50
JY_2008_to_present.pdf,20130326062820,6J,OLD-A,2008-01-01,2013-02-22,2,2008-01-01,2013-02-08,56
JY_2008_to_present.pdf,20140826232236,6J,OLD-A,2008-01-01,2014-06-30,3,2008-01-01,2014-05-30,66
JY_2008_to_present.pdf,20150528073736,6J,OLD-A,2008-01-01,2015-02-24,3,2008-01-01,2015-01-23,74
JY_2014_to_present.pdf,20171129082046,6J,NEW,,,439,2014-01-02,2017-11-07,20596
JY_prior_to_2009.pdf,20121109080040,6J,OLD-B,,,3,2000-02-03,2007-08-17,78
JY_prior_to_2009.pdf,20171129083710,6J,OLD-B,,,3,2000-02-03,2007-08-17,78
CL-2019-10-11-to-2023-10-19.pdf,20250211175325,CL,NEW,,,3543,2023-07-27,2023-10-19,7519
CL-2020-to-2023-10-19.pdf,20250910101914,CL,NEW,,,2922,2020-06-24,2023-10-19,111010
CL-2020-to-2023-10-19.pdf,20260823084623,CL,NEW,,,2909,2020-06-30,2023-10-19,110502
CL-2023-to-present.pdf,20250910114030,CL,NEW,,,1377,2023-10-20,2025-06-24,52320
CL-2023-to-present.pdf,20260823084623,CL,NEW,,,2206,2023-10-20,2026-06-30,83819
CL_2008_to_present.pdf,20150528091914,CL,OLD-A,2008-01-01,2015-02-24,22,2009-01-12,2015-02-06,1236
CL_2008_to_present.pdf,20150906023638,CL,OLD-A,2008-01-01,2015-02-24,20,2010-04-23,2015-02-06,1133
CL_2009_to_present.pdf,20121109080028,CL,OLD-A,2000-07-06,2012-07-31,5,2009-01-12,2012-07-09,210
CL_2009_to_present.pdf,20130326063102,CL,OLD-A,2008-01-01,2013-02-22,5,2009-01-12,2013-01-29,226
CL_2009_to_present.pdf,20140826230415,CL,OLD-A,2008-01-01,2014-06-30,8,2009-01-12,2014-04-04,418
CL_2014_to_present.pdf,20171129073711,CL,NEW,,,1545,2014-01-02,2017-11-07,72516
GC-2020-to-present.pdf,20250910111656,GC,NEW,,,754,2020-06-24,2025-06-24,28645
GC_2008_to_present.pdf,20150528073842,GC,OLD-A,2008-01-01,2015-02-24,4,2009-01-08,2014-10-10,172
GC_2008_to_present.pdf,20160909201258,GC,OLD-A,2009-01-01,2016-08-15,6,2009-01-08,2016-08-11,256
GC_2009-2011.pdf,20121109075714,GC,OLD-A,2009-06-20,2012-08-06,2,2009-08-21,2012-05-29,78
GC_2009_to_august_2011.pdf,20120627071902,GC,OLD-A,2000-07-11,2011-08-11,2,2009-01-08,2011-08-11,50
GC_2009_to_present.pdf,20140828163145,GC,OLD-A,2008-01-01,2014-06-30,4,2009-01-08,2014-07-14,142
HG-2020-to-present.pdf,20250910115445,HG,NEW,,,1376,2020-06-24,2025-06-24,52255
HG_2008_to_present.pdf,20150528080103,HG,OLD-A,2008-01-01,2015-02-24,7,2009-01-08,2015-01-16,324
HG_2008_to_present.pdf,20170329060838,HG,OLD-A,2009-01-01,2016-08-15,11,2009-01-08,2016-05-06,600
HG_2009_to_present.pdf,20121109075740,HG,OLD-A,2000-01-01,2012-08-27,2,2009-01-08,2012-04-16,36
HG_2009_to_present.pdf,20130326062833,HG,OLD-A,2008-01-01,2013-02-22,2,2009-01-08,2013-02-12,44
HG_2009_to_present.pdf,20140826123833,HG,OLD-A,2008-01-01,2014-06-30,2,2009-01-08,2014-07-14,60
SI-2020-to-present.pdf,20250910112428,SI,NEW,,,686,2020-06-24,2025-06-24,26049
SI_2008_to_present.pdf,20150528081149,SI,OLD-A,2008-01-01,2015-02-24,6,2009-01-08,2015-02-06,238
SI_2008_to_present.pdf,20170329060901,SI,OLD-A,2009-01-01,2016-08-15,7,2009-01-08,2016-08-16,296
SI_2009_to_december_2010.pdf,20110601081327,SI,OLD-A,2000-01-01,2010-12-31,2,2009-01-08,2010-12-17,46
SI_2009_to_may_2011.pdf,20110708070333,SI,OLD-A,2000-04-13,2011-05-13,3,2009-01-08,2011-05-09,102
SI_2009_to_present.pdf,20121109075752,SI,OLD-A,2000-01-01,2012-08-27,4,2009-01-08,2012-08-06,134
SI_2009_to_present.pdf,20140826225903,SI,OLD-A,2008-01-01,2014-06-30,5,2009-01-08,2014-07-14,190
SI_2014_to_present.pdf,20171129082402,SI,NEW,,,409,2014-01-02,2017-11-07,19163
SP-2020-to-2024-10-17.pdf,20250910111356,SP_fullsize,NEW,,,438,2020-06-24,2024-10-17,16632
SP-2024-to-present.pdf,20250910104821,SP_fullsize,NEW,,,72,2024-10-18,2025-06-24,2718
SP-2024-to-present.pdf,20251026205709,SP_fullsize,NEW,,,110,2024-10-18,2025-09-26,4146
SP_2008_to_present.pdf,20121109080119,SP_fullsize,OLD-A,2000-07-06,2012-07-31,1,2008-01-28,2012-03-26,14
SP_2008_to_present.pdf,20130326063138,SP_fullsize,OLD-A,2008-01-01,2013-02-22,1,2008-01-28,2012-09-24,16
SP_2008_to_present.pdf,20140826230616,SP_fullsize,OLD-A,2008-01-01,2014-06-30,1,2008-01-28,2014-01-29,24
SP_2008_to_present.pdf,20150528092127,SP_fullsize,OLD-A,2008-01-01,2015-02-24,1,2008-01-28,2014-07-25,26
SP_2008_to_present.pdf,20170329081955,SP_fullsize,OLD-A,2009-01-01,2016-08-15,1,2009-03-20,2016-05-06,24
SP_2009_to_2013.pdf,20171129074526,SP_fullsize,NEW,,,274,2009-01-02,2013-12-31,12788
SP_2020_to_present.pdf,20230101075930,SP_fullsize,NEW,,,134,,,0
SP_prior_to_2009.pdf,20121109075731,SP_fullsize,OLD-B,,,1,2001-03-01,2007-11-30,20
C-2020-to-present.pdf,20250910104450,ZC,NEW,,,514,2020-06-24,2025-06-24,19515
C_2008_to_present.pdf,20121109080101,ZC,OLD-A,2000-01-01,2012-08-27,2,2008-01-28,2012-06-27,76
C_2008_to_present.pdf,20140826133913,ZC,OLD-A,2008-01-01,2014-06-30,3,2008-01-28,2014-05-09,104
C_2008_to_present.pdf,20150528093444,ZC,OLD-A,2008-01-01,2015-02-24,3,2008-01-28,2015-02-20,104
C_2009_to_2013.pdf,20171129074758,ZC,NEW,,,400,2009-01-02,2013-12-31,18778
C_2014_to_present.pdf,20171129074842,ZC,NEW,,,308,2014-01-02,2017-11-07,14446
C_prior_to_2009.pdf,20121109075706,ZC,OLD-B,,,3,2003-11-24,2007-09-20,102
C_prior_to_2009.pdf,20171129074659,ZC,OLD-B,,,3,2003-11-24,2007-09-20,102
21-2019-to-present.pdf,20240704030627,ZN,NEW,,,104,2019-06-28,2024-06-28,3936
21-2020-to-present.pdf,20250910111732,ZN,NEW,,,104,2020-06-24,2025-06-24,3918
21_2008_to_present.pdf,20121109075822,ZN,OLD-A,2000-01-01,2012-08-27,2,2008-01-17,2012-02-03,42
21_2008_to_present.pdf,20140826125957,ZN,OLD-A,2008-01-01,2014-06-30,2,2008-01-17,2014-04-09,48
21_2008_to_present.pdf,20150528081416,ZN,OLD-A,2008-01-24,2015-02-24,2,2008-03-18,2015-01-20,50
21_2014_to_present.pdf,20171129085339,ZN,NEW,,,85,2014-01-02,2017-11-07,3974
21_prior_to_2009.pdf,20121109080110,ZN,OLD-B,,,2,2004-01-02,2007-12-17,38
S-2020-to-present.pdf,20250910112322,ZS,NEW,,,694,2020-06-24,2025-06-24,26345
S-2020-to-present.pdf,20260728070947,ZS,NEW,,,832,2020-06-30,2026-06-30,31599
S_2008_to_present.pdf,20121109075756,ZS,OLD-A,2000-01-01,2012-08-27,3,2008-01-28,2012-07-10,80
S_2008_to_present.pdf,20140308200930,ZS,OLD-A,2008-01-01,2014-01-13,3,2008-01-28,2013-11-13,94
S_2008_to_present.pdf,20140826124940,ZS,OLD-A,2008-01-01,2014-06-30,3,2008-01-28,2014-05-09,98
S_2008_to_present.pdf,20150528075951,ZS,OLD-A,2008-01-01,2015-02-24,3,2008-01-28,2015-02-20,104
S_2009_to_2013.pdf,20171129082639,ZS,NEW,,,546,2009-01-02,2013-12-31,25610
S_2014_to_present.pdf,20171129083126,ZS,NEW,,,430,2014-01-02,2017-11-07,20192
S_prior_to_2009.pdf,20121109080137,ZS,OLD-B,,,3,2003-11-24,2007-09-20,92
